F1717 Note: Use distance between fixtures as endpoint, NOT distance between test blocks (rotation of the test blocks causes the test to run past the distance between test blocks)

F2077 Note: use distance between test blocks as endpoint
"Time","Sequence","Block","Cycle","Position mm","Load N","Exp_PreLoad Volts"
0.,1,1,,-22.059992,-14.343858,-4.8742998
0.004,1,1,,-22.059113,-13.847649,-4.8733115
0.008,1,1,,-22.059256,-14.099479,-4.8736411
0.012,1,1,,-22.060085,-13.98176,-4.8749745
0.016,1,1,,-22.058955,-14.075637,-4.8748469
0.02,1,1,,-22.059486,-13.890862,-4.8738205
0.024,1,1,,-22.059134,-13.458729,-4.8735791
0.028,1,1,,-22.059834,-14.24849,-4.8730326
0.032,1,1,,-22.059256,-14.351308,-4.8743826
0.036,1,1,,-22.058508,-15.167892,-4.8754638
0.04,1,1,,-22.059116,-15.127659,-4.8742372
0.044,1,1,,-22.059861,-15.737116,-4.8754179
0.048,1,1,,-22.060117,-16.435981,-4.874959
0.052,1,1,,-22.061837,-17.468631,-4.8740679
0.056,1,1,,-22.060967,-19.63824,-4.8752511
0.06,1,1,,-22.063211,-23.624301,-4.8741198
0.064,1,1,,-22.065208,-28.74881,-4.8746711
0.068,1,1,,-22.067461,-35.756826,-4.8748672
0.072,1,1,,-22.071508,-46.145916,-4.8744667
0.076,1,1,,-22.073141,-55.633485,-4.87472
0.08,1,1,,-22.075787,-62.194467,-4.8741937
0.084,1,1,,-22.076774,-65.57554,-4.8746282
0.088,1,1,,-22.078204,-65.661967,-4.8743761
0.092,1,1,,-22.079197,-66.913664,-4.8760438
0.096,1,1,,-22.079972,-65.305829,-4.8742694
0.1,1,1,,-22.079522,-64.4207,-4.8732847
0.104,1,1,,-22.079414,-63.748658,-4.8746455
0.108,1,1,,-22.079751,-62.951446,-4.8748475
0.112,1,1,,-22.079888,-63.498318,-4.873777
0.116,1,1,,-22.07945,-62.379241,-4.8743713
0.12,1,1,,-22.079715,-62.356889,-4.8755413
0.124,1,1,,-22.080058,-62.716007,-4.8743099
0.128,1,1,,-22.079057,-63.507259,-4.873907
0.132,1,1,,-22.079823,-65.089762,-4.8757285
0.136,1,1,,-22.080776,-67.038834,-4.8746914
0.14,1,1,,-22.083044,-70.145726,-4.8735231
0.144,1,1,,-22.084284,-71.182847,-4.8746824
0.148,1,1,,-22.086001,-73.108077,-4.8751354
0.152,1,1,,-22.08688,-73.78906,-4.8738265
0.156,1,1,,-22.089267,-74.918568,-4.8753017
0.16,1,1,,-22.090048,-75.978041,-4.8750448
0.164,1,1,,-22.091171,-77.739358,-4.8743421
0.168,1,1,,-22.093174,-78.868866,-4.8730069
0.172,1,1,,-22.093895,-80.147386,-4.8742598
0.176,1,1,,-22.092954,-81.424415,-4.8742115
0.18,1,1,,-22.095302,-82.790852,-4.8741722
0.184,1,1,,-22.095135,-84.166229,-4.8762274
0.188,1,1,,-22.097555,-85.067749,-4.8758191
0.192,1,1,,-22.097603,-85.791945,-4.8738635
0.196,1,1,,-22.098676,-87.490678,-4.8744178
0.2,1,1,,-22.099021,-89.57684,-4.8761642
0.204,1,1,,-22.099781,-89.025497,-4.8745126
0.208,1,1,,-22.100896,-89.406967,-4.8750359
0.212,1,1,,-22.099638,-90.199709,-4.8755181
0.216,1,1,,-22.101251,-90.326369,-4.8742443
0.22,1,1,,-22.101367,-90.515614,-4.8750395
0.224,1,1,,-22.100935,-91.917813,-4.875614
0.228,1,1,,-22.101489,-92.051923,-4.8745507
0.232,1,1,,-22.10154,-93.704462,-4.8745984
0.236,1,1,,-22.102022,-94.604492,-4.8734462
0.24,1,1,,-22.103536,-95.85917,-4.8747134
0.244,1,1,,-22.106251,-98.524988,-4.8749244
0.248,1,1,,-22.106511,-102.33372,-4.8743123
0.252,1,1,,-22.10705,-103.62864,-4.8735487
0.256,1,1,,-22.108627,-106.54181,-4.8750883
0.26,1,1,,-22.110448,-108.04087,-4.8743224
0.264,1,1,,-22.111258,-111.12988,-4.8735505
0.268,1,1,,-22.112108,-114.34406,-4.8740178
0.272,1,1,,-22.113046,-116.79977,-4.8740405
0.276,1,1,,-22.113592,-118.79802,-4.8742801
0.28,1,1,,-22.115875,-121.22691,-4.8740572
0.284,1,1,,-22.116009,-123.17002,-4.8747396
0.288,1,1,,-22.117195,-123.89123,-4.87463
0.292,1,1,,-22.118122,-125.736,-4.8748052
0.296,1,1,,-22.118417,-127.69699,-4.8745298
0.3,1,1,,-22.119651,-129.26012,-4.8746425
0.304,1,1,,-22.119573,-129.35847,-4.8743063
0.308,1,1,,-22.120533,-130.49245,-4.8739541
0.312,1,1,,-22.120157,-131.78289,-4.875055
0.316,1,1,,-22.1203,-131.37758,-4.8756957
0.32,1,1,,-22.121382,-131.42824,-4.8743522
0.324,1,1,,-22.121176,-131.71732,-4.8742968
0.328,1,1,,-22.120738,-133.70663,-4.8734391
0.332,1,1,,-22.122732,-135.56331,-4.8749298
0.336,1,1,,-22.122863,-137.83872,-4.8748267
0.34,1,1,,-22.124231,-140.04409,-4.8731446
0.344,1,1,,-22.12497,-142.98707,-4.8746729
0.348,1,1,,-22.125745,-145.52921,-4.8745453
0.352,1,1,,-22.127986,-148.97287,-4.8748624
0.356,1,1,,-22.128955,-152.61769,-4.8743457
0.36,1,1,,-22.129089,-156.00622,-4.8739296
0.364,1,1,,-22.129578,-159.733,-4.8754412
0.368,1,1,,-22.130832,-162.79817,-4.873684
0.372,1,1,,-22.133115,-166.84979,-4.8753589
0.376,1,1,,-22.133878,-170.71068,-4.8732793
0.38,1,1,,-22.134361,-173.79969,-4.8747689
0.384,1,1,,-22.135771,-176.89317,-4.8739231
0.388,1,1,,-22.137001,-182.46919,-4.8748976
0.392,1,1,,-22.137264,-185.76831,-4.8739451
0.396,1,1,,-22.138688,-189.20153,-4.8748684
0.4,1,1,,-22.139889,-192.01189,-4.8741841
0.404,1,1,,-22.139255,-193.49307,-4.8735696
0.408,1,1,,-22.139475,-193.12203,-4.8744291
0.412,1,1,,-22.140491,-194.60022,-4.8744303
0.416,1,1,,-22.139764,-194.88335,-4.8739094
0.42,1,1,,-22.139857,-195.18435,-4.8746669
0.424,1,1,,-22.140083,-196.51651,-4.8754472
0.428,1,1,,-22.139472,-198.45068,-4.8739523
0.432,1,1,,-22.140959,-201.48605,-4.8744947
0.436,1,1,,-22.141251,-205.11448,-4.8745489
0.44,1,1,,-22.142926,-211.26866,-4.8749566
0.444,1,1,,-22.143328,-220.53719,-4.873789
0.448,1,1,,-22.14534,-229.23797,-4.8745275
0.452,1,1,,-22.148151,-237.81359,-4.8744053
0.456,1,1,,-22.148544,-244.63087,-4.8746407
0.46,1,1,,-22.150669,-251.75661,-4.8745221
0.464,1,1,,-22.151304,-256.75446,-4.8757333
0.468,1,1,,-22.152236,-262.83264,-4.8757362
0.472,1,1,,-22.153282,-267.41326,-4.8749757
0.476,1,1,,-22.154853,-272.48859,-4.8742723
0.48,1,1,,-22.154594,-275.74748,-4.8741484
0.484,1,1,,-22.155926,-281.66622,-4.8739028
0.488,1,1,,-22.155786,-286.071,-4.8741013
0.492,1,1,,-22.155938,-290.31336,-4.8743004
0.496,1,1,,-22.157461,-294.95209,-4.8742288
0.5,1,1,,-22.158167,-298.92027,-4.8737484
0.504,1,1,,-22.15955,-302.78116,-4.8747003
0.508,1,1,,-22.160518,-305.18025,-4.8746866
0.512,1,1,,-22.159604,-308.30204,-4.8751962
0.516,1,1,,-22.159759,-309.6655,-4.8745948
0.52,1,1,,-22.161034,-311.22267,-4.8757106
0.524,1,1,,-22.161207,-313.70223,-4.8749757
0.528,1,1,,-22.161839,-316.33377,-4.8752451
0.532,1,1,,-22.162614,-319.72826,-4.8756534
0.536,1,1,,-22.162375,-325.47861,-4.8734325
0.54,1,1,,-22.163791,-329.0385,-4.8744148
0.544,1,1,,-22.163862,-335.41471,-4.8740125
0.548,1,1,,-22.164825,-342.43464,-4.8749757
0.552,1,1,,-22.167212,-351.31872,-4.8733252
0.556,1,1,,-22.167966,-360.90463,-4.874652
0.56,1,1,,-22.169066,-368.68006,-4.8743159
0.564,1,1,,-22.169999,-378.04842,-4.8739171
0.568,1,1,,-22.171414,-386.31409,-4.8749882
0.572,1,1,,-22.172669,-394.52761,-4.8742163
0.576,1,1,,-22.172487,-401.18247,-4.8744053
0.58,1,1,,-22.173855,-407.98038,-4.8741978
0.584,1,1,,-22.175548,-414.79617,-4.8761654
0.588,1,1,,-22.176713,-422.45835,-4.8748595
0.592,1,1,,-22.17834,-428.8584,-4.8738945
0.596,1,1,,-22.179249,-434.28838,-4.8728573
0.6,1,1,,-22.179535,-438.42345,-4.8747438
0.604,1,1,,-22.180537,-442.95639,-4.8752493
0.608,1,1,,-22.178772,-444.49717,-4.8738611
0.612,1,1,,-22.178975,-444.66108,-4.8731929
0.616,1,1,,-22.179154,-445.93066,-4.873777
0.62,1,1,,-22.180274,-446.88284,-4.8737586
0.624,1,1,,-22.179544,-448.23587,-4.873845
0.628,1,1,,-22.179219,-450.93149,-4.8745924
0.632,1,1,,-22.181309,-453.20392,-4.87387
0.636,1,1,,-22.181443,-459.18375,-4.8745382
0.64,1,1,,-22.18189,-468.14978,-4.8745018
0.644,1,1,,-22.182855,-479.19005,-4.8745412
0.648,1,1,,-22.18324,-491.46414,-4.8733592
0.652,1,1,,-22.186205,-502.33752,-4.8750073
0.656,1,1,,-22.186974,-512.63422,-4.8742861
0.66,1,1,,-22.188631,-524.29587,-4.8732007
0.664,1,1,,-22.189746,-535.39425,-4.8729485
0.668,1,1,,-22.19089,-545.65668,-4.8750073
0.672,1,1,,-22.191432,-553.71374,-4.874506
0.676,1,1,,-22.193498,-561.94663,-4.8745668
0.68,1,1,,-22.193894,-570.51331,-4.8741227
0.684,1,1,,-22.194517,-579.53894,-4.8746586
0.688,1,1,,-22.196573,-587.98343,-4.8742592
0.692,1,1,,-22.196433,-595.27606,-4.8746109
0.696,1,1,,-22.197962,-601.57627,-4.8747003
0.7,1,1,,-22.197503,-605.14063,-4.8744386
0.704,1,1,,-22.198725,-610.08632,-4.8738921
0.708,1,1,,-22.198487,-612.95927,-4.8746264
0.712,1,1,,-22.198934,-617.42365,-4.874047
0.716,1,1,,-22.200185,-620.61846,-4.8737168
0.72,1,1,,-22.199595,-623.57336,-4.8748082
0.724,1,1,,-22.200185,-627.68608,-4.8736155
0.728,1,1,,-22.201589,-631.48141,-4.8737741
0.732,1,1,,-22.201029,-636.42114,-4.8750675
0.736,1,1,,-22.201681,-641.95544,-4.8750883
0.74,1,1,,-22.203452,-649.58781,-4.8739535
0.744,1,1,,-22.20338,-660.06333,-4.8734188
0.748,1,1,,-22.205252,-669.80124,-4.8746037
0.752,1,1,,-22.205347,-680.5703,-4.8750263
0.756,1,1,,-22.207609,-691.67763,-4.8739803
0.76,1,1,,-22.208593,-704.32425,-4.8749363
0.764,1,1,,-22.209189,-716.94851,-4.8733014
0.768,1,1,,-22.210625,-728.11991,-4.8746842
0.772,1,1,,-22.211355,-740.11236,-4.873454
0.776,1,1,,-22.212231,-750.71454,-4.874084
0.78,1,1,,-22.213495,-761.55514,-4.8747557
0.784,1,1,,-22.214386,-771.26473,-4.873451
0.788,1,1,,-22.215405,-779.7882,-4.8747277
0.792,1,1,,-22.216413,-786.97205,-4.8745561
0.796,1,1,,-22.217161,-794.59846,-4.874438
0.8,1,1,,-22.217113,-800.83609,-4.8742926
0.804,1,1,,-22.217423,-806.40316,-4.8746365
0.808,1,1,,-22.218657,-811.5083,-4.8749059
0.812,1,1,,-22.220204,-816.98149,-4.8748183
0.816,1,1,,-22.21897,-818.6847,-4.8754042
0.82,1,1,,-22.220394,-821.40267,-4.8736739
0.824,1,1,,-22.219885,-823.53204,-4.8748618
0.828,1,1,,-22.221089,-827.51662,-4.8726177
0.832,1,1,,-22.221613,-831.31194,-4.8747933
0.836,1,1,,-22.221229,-837.41993,-4.872849
0.84,1,1,,-22.222805,-847.49758,-4.8749495
0.844,1,1,,-22.223452,-859.12496,-4.8734534
0.848,1,1,,-22.224263,-872.03085,-4.8742396
0.852,1,1,,-22.22561,-885.37931,-4.8742455
0.856,1,1,,-22.226641,-898.63241,-4.8738313
0.86,1,1,,-22.22738,-909.77252,-4.8737741
0.864,1,1,,-22.228185,-921.00799,-4.8757696
0.868,1,1,,-22.22986,-933.30294,-4.8745513
0.872,1,1,,-22.231931,-944.74852,-4.8744345
0.876,1,1,,-22.232685,-956.76184,-4.8742026
0.88,1,1,,-22.232864,-968.01221,-4.8741704
0.884,1,1,,-22.234217,-978.31041,-4.875254
0.888,1,1,,-22.234005,-988.2614,-4.8754531
0.892,1,1,,-22.236443,-998.24965,-4.8741317
0.896,1,1,,-22.237116,-1006.2039,-4.874655
0.9,1,1,,-22.237841,-1012.066,-4.8754257
0.904,1,1,,-22.23759,-1014.9866,-4.8745328
0.908,1,1,,-22.238109,-1018.5644,-4.8744363
0.912,1,1,,-22.239402,-1021.1214,-4.8749691
0.916,1,1,,-22.239113,-1022.5594,-4.8740399
0.92,1,1,,-22.239274,-1025.4726,-4.8738569
0.924,1,1,,-22.239903,-1030.162,-4.874261
0.928,1,1,,-22.240219,-1036.3251,-4.8743063
0.932,1,1,,-22.240883,-1045.692,-4.8739684
0.936,1,1,,-22.242102,-1055.8859,-4.8751521
0.94,1,1,,-22.24367,-1067.7919,-4.8738611
0.944,1,1,,-22.244639,-1082.246,-4.8757708
0.948,1,1,,-22.2444,-1096.7448,-4.87477
0.952,1,1,,-22.246829,-1110.8965,-4.8738736
0.956,1,1,,-22.247783,-1125.7261,-4.8746097
0.96,1,1,,-22.249282,-1138.3861,-4.8727173
0.964,1,1,,-22.249553,-1151.0417,-4.8749071
0.968,1,1,,-22.250372,-1164.1607,-4.8738652
0.972,1,1,,-22.251243,-1175.499,-4.8735446
0.976,1,1,,-22.252971,-1186.3306,-4.87427
0.98,1,1,,-22.253388,-1197.2234,-4.8745012
0.984,1,1,,-22.255242,-1209.2605,-4.8730266
0.988,1,1,,-22.255421,-1219.0089,-4.874177
0.992,1,1,,-22.25515,-1226.7008,-4.8741925
0.996,1,1,,-22.256258,-1232.9146,-4.8759294
1.,1,1,,-22.256199,-1238.9287,-4.874028
1.004,1,1,,-22.257582,-1245.5314,-4.8740757
1.008,1,1,,-22.259251,-1250.1284,-4.8733914
1.012,1,1,,-22.257522,-1254.6822,-4.8737216
1.016,1,1,,-22.259072,-1256.9621,-4.8737079
1.02,1,1,,-22.258661,-1259.6384,-4.8733783
1.024,1,1,,-22.259918,-1262.8451,-4.873808
1.028,1,1,,-22.260264,-1266.6255,-4.8749751
1.032,1,1,,-22.260571,-1273.936,-4.8747516
1.036,1,1,,-22.261387,-1282.7471,-4.8744333
1.04,1,1,,-22.26227,-1294.3938,-4.8745453
1.044,1,1,,-22.263784,-1308.6498,-4.8759943
1.048,1,1,,-22.263888,-1324.0933,-4.8744065
1.052,1,1,,-22.264621,-1339.3402,-4.8742735
1.056,1,1,,-22.26609,-1352.2297,-4.8740429
1.06,1,1,,-22.268638,-1364.477,-4.8757774
1.064,1,1,,-22.269625,-1377.0014,-4.8741633
1.068,1,1,,-22.269914,-1389.5169,-4.8737252
1.072,1,1,,-22.271064,-1401.0847,-4.8750794
1.076,1,1,,-22.271476,-1412.3425,-4.8739517
1.08,1,1,,-22.272703,-1422.8389,-4.875285
1.084,1,1,,-22.274685,-1434.6749,-4.8740464
1.088,1,1,,-22.273779,-1445.7747,-4.8753506
1.092,1,1,,-22.274277,-1457.5556,-4.8749566
1.096,1,1,,-22.275538,-1467.7569,-4.8753959
1.1,1,1,,-22.27808,-1477.091,-4.8738873
1.104,1,1,,-22.277135,-1484.561,-4.8743093
1.108,1,1,,-22.278297,-1491.9057,-4.8750746
1.112,1,1,,-22.278667,-1498.5681,-4.8736233
1.116,1,1,,-22.278887,-1504.4719,-4.8748612
1.12,1,1,,-22.278989,-1511.6781,-4.8740315
1.124,1,1,,-22.279904,-1517.0157,-4.8740137
1.128,1,1,,-22.280196,-1523.4753,-4.8754382
1.132,1,1,,-22.280777,-1531.221,-4.8753715
1.136,1,1,,-22.281781,-1540.6042,-4.8744845
1.14,1,1,,-22.282446,-1547.6808,-4.8741645
1.144,1,1,,-22.283742,-1556.1104,-4.8760188
1.148,1,1,,-22.284338,-1567.845,-4.8752618
1.152,1,1,,-22.284815,-1580.7882,-4.8758149
1.156,1,1,,-22.285831,-1596.1155,-4.8745221
1.16,1,1,,-22.287092,-1612.3012,-4.8741472
1.164,1,1,,-22.288782,-1631.2703,-4.8748571
1.168,1,1,,-22.288761,-1649.5615,-4.8751289
1.172,1,1,,-22.289878,-1666.7336,-4.8756474
1.176,1,1,,-22.29178,-1684.4437,-4.8751456
1.18,1,1,,-22.293243,-1700.3,-4.8752385
1.184,1,1,,-22.294709,-1714.6185,-4.8744875
1.188,1,1,,-22.294721,-1728.0743,-4.8749304
1.192,1,1,,-22.295684,-1739.1577,-4.8741955
1.196,1,1,,-22.29614,-1747.8749,-4.8741829
1.2,1,1,,-22.29684,-1751.0772,-4.8738581
1.204,1,1,,-22.297141,-1753.9054,-4.8754096
1.208,1,1,,-22.298009,-1757.4579,-4.8747641
1.212,1,1,,-22.298646,-1762.3231,-4.8741549
1.216,1,1,,-22.298098,-1768.5503,-4.8755848
1.22,1,1,,-22.299034,-1774.4884,-4.8751408
1.224,1,1,,-22.299579,-1779.8245,-4.8756945
1.228,1,1,,-22.299058,-1786.9577,-4.8744977
1.232,1,1,,-22.300464,-1792.5337,-4.8754191
1.236,1,1,,-22.300449,-1802.2031,-4.8741621
1.24,1,1,,-22.30314,-1815.0434,-4.8742121
1.244,1,1,,-22.303415,-1831.454,-4.8731524
1.248,1,1,,-22.3041,-1848.4414,-4.8745954
1.252,1,1,,-22.304863,-1865.4242,-4.874872
1.256,1,1,,-22.305864,-1881.063,-4.8757821
1.26,1,1,,-22.307265,-1896.2726,-4.8739666
1.264,1,1,,-22.308722,-1911.4077,-4.8748904
1.268,1,1,,-22.310135,-1926.1852,-4.8741484
1.272,1,1,,-22.309313,-1940.5499,-4.8747712
1.276,1,1,,-22.311381,-1953.4543,-4.8752856
1.28,1,1,,-22.312093,-1966.5748,-4.8741704
1.284,1,1,,-22.313258,-1980.2645,-4.8747283
1.288,1,1,,-22.314021,-1993.148,-4.8749667
1.292,1,1,,-22.313589,-2005.7738,-4.8724747
1.296,1,1,,-22.316036,-2013.8294,-4.8746026
1.3,1,1,,-22.315941,-2021.569,-4.8736316
1.304,1,1,,-22.315851,-2029.6589,-4.8740089
1.308,1,1,,-22.317839,-2036.2616,-4.8742485
1.312,1,1,,-22.316897,-2043.1578,-4.8739898
1.316,1,1,,-22.3173,-2050.2329,-4.8754555
1.32,1,1,,-22.31907,-2055.4796,-4.8748046
1.324,1,1,,-22.31884,-2062.571,-4.8746151
1.328,1,1,,-22.320301,-2071.0066,-4.8750353
1.332,1,1,,-22.319764,-2081.0857,-4.8759139
1.336,1,1,,-22.321803,-2096.3922,-4.874413
1.34,1,1,,-22.321463,-2112.2828,-4.8749632
1.344,1,1,,-22.324476,-2129.1494,-4.8730516
1.348,1,1,,-22.324366,-2145.9132,-4.8735422
1.352,1,1,,-22.325889,-2161.4611,-4.8744553
1.356,1,1,,-22.32641,-2177.7257,-4.8737943
1.36,1,1,,-22.328511,-2192.4913,-4.8737437
1.364,1,1,,-22.32934,-2206.2898,-4.8755413
1.368,1,1,,-22.329542,-2220.1821,-4.8751533
1.372,1,1,,-22.329361,-2233.2072,-4.875145
1.376,1,1,,-22.331503,-2245.4411,-4.8749977
1.38,1,1,,-22.331477,-2256.3636,-4.8746318
1.384,1,1,,-22.332889,-2268.602,-4.8743308
1.388,1,1,,-22.332704,-2281.3722,-4.8737293
1.392,1,1,,-22.3333,-2292.5779,-4.8755848
1.396,1,1,,-22.33648,-2302.8791,-4.8737252
1.4,1,1,,-22.335512,-2313.2831,-4.8739594
1.404,1,1,,-22.338018,-2321.8006,-4.8750317
1.408,1,1,,-22.337836,-2329.7846,-4.8739839
1.412,1,1,,-22.337747,-2336.5647,-4.8761708
1.416,1,1,,-22.338784,-2342.321,-4.8726869
1.42,1,1,,-22.338206,-2347.5826,-4.8748302
1.424,1,1,,-22.33916,-2354.0288,-4.8739165
1.428,1,1,,-22.338924,-2361.1829,-4.8753142
1.432,1,1,,-22.340095,-2370.6421,-4.8740751
1.436,1,1,,-22.341517,-2382.4006,-4.8737705
1.44,1,1,,-22.34208,-2393.6674,-4.8749763
1.444,1,1,,-22.343478,-2407.2021,-4.8751557
1.448,1,1,,-22.342983,-2424.2774,-4.8755187
1.452,1,1,,-22.344548,-2440.7223,-4.8740047
1.456,1,1,,-22.345576,-2458.5903,-4.8740339
1.46,1,1,,-22.347415,-2475.1946,-4.8744649
1.464,1,1,,-22.348708,-2490.893,-4.8740983
1.468,1,1,,-22.348366,-2508.6641,-4.8752362
1.472,1,1,,-22.350025,-2526.3309,-4.8750263
1.476,1,1,,-22.350669,-2542.1947,-4.8740715
1.48,1,1,,-22.352526,-2558.2895,-4.8755604
1.484,1,1,,-22.354102,-2571.9017,-4.8742604
1.488,1,1,,-22.353766,-2585.2263,-4.8734188
1.492,1,1,,-22.353682,-2596.1027,-4.8746264
1.496,1,1,,-22.354776,-2606.4306,-4.8746908
1.5,1,1,,-22.356251,-2612.6519,-4.8735464
1.504,1,1,,-22.356823,-2619.7046,-4.8747379
1.508,1,1,,-22.356916,-2623.6132,-4.8739517
1.512,1,1,,-22.356773,-2628.389,-4.8747289
1.516,1,1,,-22.357586,-2634.3763,-4.8740119
1.52,1,1,,-22.358179,-2641.6138,-4.8746365
1.524,1,1,,-22.35955,-2648.9213,-4.8750675
1.528,1,1,,-22.358466,-2656.7951,-4.8740911
1.532,1,1,,-22.36,-2667.6685,-4.8738623
1.536,1,1,,-22.361127,-2679.5492,-4.8729974
1.54,1,1,,-22.361255,-2692.8946,-4.8750871
1.544,1,1,,-22.362724,-2706.6365,-4.8742115
1.548,1,1,,-22.363207,-2721.031,-4.8742461
1.552,1,1,,-22.364939,-2739.425,-4.8740071
1.556,1,1,,-22.366339,-2757.521,-4.8760164
1.56,1,1,,-22.36642,-2773.8899,-4.8750001
1.564,1,1,,-22.368524,-2789.0801,-4.8741019
1.568,1,1,,-22.368259,-2805.6741,-4.8748863
1.572,1,1,,-22.36957,-2820.2325,-4.8742813
1.576,1,1,,-22.371283,-2834.2694,-4.874078
1.58,1,1,,-22.372297,-2849.3017,-4.8746794
1.584,1,1,,-22.372848,-2862.1256,-4.8733753
1.588,1,1,,-22.373408,-2875.416,-4.873932
1.592,1,1,,-22.37286,-2886.5054,-4.8755366
1.596,1,1,,-22.374648,-2897.9987,-4.8757309
1.6,1,1,,-22.375235,-2907.1331,-4.8736185
1.604,1,1,,-22.376541,-2916.4463,-4.8764247
1.608,1,1,,-22.377089,-2924.4706,-4.873988
1.612,1,1,,-22.377232,-2931.0778,-4.8753339
1.616,1,1,,-22.378251,-2936.7432,-4.8744059
1.62,1,1,,-22.377867,-2941.6814,-4.8737752
1.624,1,1,,-22.379214,-2948.4689,-4.8749757
1.628,1,1,,-22.378499,-2956.7778,-4.8744786
1.632,1,1,,-22.378898,-2966.2982,-4.8737085
1.636,1,1,,-22.380224,-2976.5606,-4.8735332
1.64,1,1,,-22.38124,-2991.9416,-4.8742181
1.644,1,1,,-22.382686,-3007.5982,-4.8746288
1.648,1,1,,-22.383455,-3025.0907,-4.874267
1.652,1,1,,-22.383815,-3045.7377,-4.8740387
1.656,1,1,,-22.384867,-3064.1064,-4.8745686
1.66,1,1,,-22.386393,-3081.8984,-4.8739231
1.664,1,1,,-22.386855,-3100.1791,-4.8748404
1.668,1,1,,-22.3876,-3118.5731,-4.8730075
1.672,1,1,,-22.390366,-3138.7895,-4.8746836
1.676,1,1,,-22.390724,-3156.4742,-4.8739713
1.68,1,1,,-22.391343,-3172.6256,-4.8731303
1.684,1,1,,-22.393179,-3189.2061,-4.874016
1.688,1,1,,-22.393379,-3205.061,-4.8750043
1.692,1,1,,-22.395021,-3220.8815,-4.8752624
1.696,1,1,,-22.394803,-3233.1973,-4.8745573
1.7,1,1,,-22.39545,-3243.9321,-4.8743832
1.704,1,1,,-22.395334,-3251.0862,-4.8737776
1.708,1,1,,-22.396475,-3257.6516,-4.8755932
1.712,1,1,,-22.396565,-3263.1025,-4.8743004
1.716,1,1,,-22.398371,-3267.7442,-4.8743546
1.72,1,1,,-22.398427,-3272.7525,-4.8741442
1.724,1,1,,-22.398764,-3277.8665,-4.8745042
1.728,1,1,,-22.398302,-3285.417,-4.8749572
1.732,1,1,,-22.399584,-3295.4812,-4.8737943
1.736,1,1,,-22.400508,-3310.9829,-4.8740363
1.74,1,1,,-22.400004,-3324.5713,-4.8738545
1.744,1,1,,-22.402498,-3341.5422,-4.8727417
1.748,1,1,,-22.403166,-3360.7274,-4.8737139
1.752,1,1,,-22.403446,-3381.3,-4.874509
1.756,1,1,,-22.405073,-3401.2392,-4.8753554
1.76,1,1,,-22.405964,-3422.4823,-4.8737144
1.764,1,1,,-22.407571,-3441.4545,-4.8747611
1.768,1,1,,-22.40775,-3460.2195,-4.8757643
1.772,1,1,,-22.41008,-3478.7357,-4.8745626
1.776,1,1,,-22.409752,-3495.6664,-4.8739034
1.78,1,1,,-22.411588,-3512.5807,-4.8743415
1.784,1,1,,-22.411993,-3527.3731,-4.8752594
1.788,1,1,,-22.412706,-3540.9793,-4.8757666
1.792,1,1,,-22.413332,-3555.6808,-4.8749119
1.796,1,1,,-22.415054,-3567.5719,-4.873451
1.8,1,1,,-22.415647,-3576.6214,-4.8745579
1.804,1,1,,-22.41551,-3585.8035,-4.8744804
1.808,1,1,,-22.415924,-3592.5835,-4.8750681
1.812,1,1,,-22.416473,-3597.5575,-4.8748231
1.816,1,1,,-22.417057,-3602.1188,-4.8750055
1.82,1,1,,-22.417909,-3605.5014,-4.8748046
1.824,1,1,,-22.418017,-3611.5393,-4.8740941
1.828,1,1,,-22.418064,-3620.2148,-4.8748505
1.832,1,1,,-22.418788,-3637.1931,-4.8751849
1.836,1,1,,-22.419805,-3657.6092,-4.8742235
1.84,1,1,,-22.420198,-3678.0596,-4.8748171
1.844,1,1,,-22.422296,-3698.3714,-4.8752177
1.848,1,1,,-22.423372,-3719.1853,-4.8751616
1.852,1,1,,-22.424519,-3742.1539,-4.8741871
1.856,1,1,,-22.426266,-3766.3847,-4.8743796
1.86,1,1,,-22.426582,-3789.2252,-4.8749387
1.864,1,1,,-22.428984,-3811.0942,-4.8758441
1.868,1,1,,-22.429416,-3829.962,-4.8747629
1.872,1,1,,-22.429499,-3847.9418,-4.8756438
1.876,1,1,,-22.430483,-3866.7545,-4.8745459
1.88,1,1,,-22.43219,-3883.8163,-4.8747069
1.884,1,1,,-22.432462,-3899.4983,-4.8739666
1.888,1,1,,-22.433582,-3910.0185,-4.8748654
1.892,1,1,,-22.433898,-3920.5864,-4.8748052
1.896,1,1,,-22.433621,-3929.7223,-4.8751307
1.9,1,1,,-22.434905,-3937.5961,-4.8737389
1.904,1,1,,-22.434849,-3946.6023,-4.875403
1.908,1,1,,-22.436253,-3954.0678,-4.8751116
1.912,1,1,,-22.436381,-3961.6987,-4.8739767
1.916,1,1,,-22.436235,-3968.361,-4.8744452
1.92,1,1,,-22.437844,-3976.0977,-4.8739481
1.924,1,1,,-22.437269,-3987.6804,-4.8757553
1.928,1,1,,-22.438416,-4000.6518,-4.8753834
1.932,1,1,,-22.438506,-4014.8392,-4.8749703
1.936,1,1,,-22.44078,-4030.4199,-4.8743957
1.94,1,1,,-22.44114,-4050.3189,-4.8748261
1.944,1,1,,-22.442171,-4074.8358,-4.8753065
1.948,1,1,,-22.443569,-4099.0338,-4.873606
1.952,1,1,,-22.44463,-4122.6014,-4.8745847
1.956,1,1,,-22.4446,-4144.4227,-4.8742133
1.96,1,1,,-22.445512,-4164.7241,-4.8743761
1.964,1,1,,-22.446886,-4184.0896,-4.8748058
1.968,1,1,,-22.44764,-4203.5818,-4.8751414
1.972,1,1,,-22.448686,-4221.5258,-4.8752767
1.976,1,1,,-22.449318,-4239.8527,-4.8747867
1.98,1,1,,-22.450862,-4257.594,-4.8736691
1.984,1,1,,-22.451938,-4274.0881,-4.8741454
1.988,1,1,,-22.452978,-4290.6821,-4.875403
1.992,1,1,,-22.452772,-4304.2824,-4.8744404
1.996,1,1,,-22.453583,-4313.7744,-4.8750168
2.,1,1,,-22.45349,-4322.5512,-4.8745441
2.004,1,1,,-22.454873,-4330.9644,-4.8745883
2.008,1,1,,-22.455645,-4340.9288,-4.8741871
2.012,1,1,,-22.45721,-4351.1569,-4.8742682
2.016,1,1,,-22.456211,-4361.1512,-4.8744595
2.02,1,1,,-22.456378,-4369.9607,-4.8736537
2.024,1,1,,-22.456661,-4380.5987,-4.8745447
2.028,1,1,,-22.458491,-4391.8625,-4.8748267
2.032,1,1,,-22.458402,-4406.3434,-4.8745817
2.036,1,1,,-22.459871,-4421.2937,-4.87436
2.04,1,1,,-22.460208,-4435.6614,-4.8747092
2.044,1,1,,-22.459638,-4454.1195,-4.873594
2.048,1,1,,-22.46081,-4475.4714,-4.8739564
2.052,1,1,,-22.463397,-4501.1386,-4.8730248
2.056,1,1,,-22.463367,-4527.3334,-4.8746645
2.06,1,1,,-22.465787,-4554.7783,-4.8741955
2.064,1,1,,-22.467369,-4581.1743,-4.8740482
2.068,1,1,,-22.468195,-4607.1142,-4.8752576
2.072,1,1,,-22.46835,-4629.2201,-4.8727959
2.076,1,1,,-22.468946,-4648.7972,-4.8743254
2.08,1,1,,-22.47153,-4666.923,-4.8754573
2.084,1,1,,-22.471872,-4684.0489,-4.8737484
2.088,1,1,,-22.471023,-4699.631,-4.8743719
2.092,1,1,,-22.473508,-4713.6217,-4.8760206
2.096,1,1,,-22.472298,-4725.0673,-4.8744786
2.1,1,1,,-22.473836,-4734.2181,-4.8742616
2.104,1,1,,-22.475618,-4743.05,-4.8737806
2.108,1,1,,-22.474599,-4749.76,-4.8744833
2.112,1,1,,-22.475219,-4756.777,-4.8743337
2.116,1,1,,-22.476536,-4764.5569,-4.8748046
2.12,1,1,,-22.476164,-4772.3591,-4.8745674
2.124,1,1,,-22.477499,-4781.2134,-4.8746908
2.128,1,1,,-22.477314,-4794.9016,-4.8748523
2.132,1,1,,-22.478348,-4813.5042,-4.8743975
2.136,1,1,,-22.478229,-4833.2602,-4.874205
2.14,1,1,,-22.479853,-4859.1301,-4.8750967
2.144,1,1,,-22.480104,-4884.468,-4.8732048
2.148,1,1,,-22.482434,-4909.6033,-4.8742342
2.152,1,1,,-22.483349,-4935.4762,-4.8740751
2.156,1,1,,-22.484339,-4958.424,-4.8743004
2.16,1,1,,-22.485638,-4981.406,-4.874931
2.164,1,1,,-22.485772,-5002.6119,-4.8748446
2.168,1,1,,-22.486285,-5021.4022,-4.8750174
2.172,1,1,,-22.487405,-5039.8603,-4.8750132
2.176,1,1,,-22.487945,-5058.6477,-4.874596
2.18,1,1,,-22.491247,-5078.9356,-4.8744786
2.184,1,1,,-22.489658,-5095.9527,-4.8737907
2.188,1,1,,-22.490806,-5115.9412,-4.8738664
2.192,1,1,,-22.490999,-5138.6535,-4.8742855
2.196,1,1,,-22.493556,-5160.3541,-4.8755175
2.2,1,1,,-22.493455,-5181.1397,-4.8749775
2.204,1,1,,-22.493285,-5198.133,-4.8749894
2.208,1,1,,-22.494883,-5211.3265,-4.87405
2.212,1,1,,-22.495666,-5222.0106,-4.8736376
2.216,1,1,,-22.495702,-5231.1629,-4.8744047
2.22,1,1,,-22.495267,-5241.5207,-4.8731768
2.224,1,1,,-22.495967,-5254.5279,-4.8754311
2.228,1,1,,-22.496486,-5268.1699,-4.874711
2.232,1,1,,-22.497064,-5283.8162,-4.8756361
2.236,1,1,,-22.499031,-5304.6793,-4.8733366
2.24,1,1,,-22.50003,-5328.6776,-4.8753667
2.244,1,1,,-22.500423,-5352.2065,-4.8745924
2.248,1,1,,-22.501692,-5375.6937,-4.873451
2.252,1,1,,-22.501973,-5400.2777,-4.8736411
2.256,1,1,,-22.502807,-5424.6679,-4.8736441
2.26,1,1,,-22.503567,-5451.405,-4.8745048
2.264,1,1,,-22.505334,-5480.8035,-4.8745561
2.268,1,1,,-22.506568,-5509.7476,-4.8738784
2.272,1,1,,-22.508043,-5537.4324,-4.8741198
2.276,1,1,,-22.509128,-5562.0149,-4.8752517
2.28,1,1,,-22.510276,-5586.8983,-4.8742336
2.284,1,1,,-22.510842,-5609.2799,-4.874934
2.288,1,1,,-22.510809,-5630.3501,-4.8742145
2.292,1,1,,-22.512168,-5649.0198,-4.8750573
2.296,1,1,,-22.512257,-5667.1858,-4.8740023
2.3,1,1,,-22.513002,-5681.5118,-4.8745447
2.304,1,1,,-22.513584,-5693.3045,-4.8749018
2.308,1,1,,-22.513339,-5705.8439,-4.873817
2.312,1,1,,-22.514239,-5714.3241,-4.8740244
2.316,1,1,,-22.514832,-5724.0069,-4.8751795
2.32,1,1,,-22.515518,-5734.7208,-4.8745281
2.324,1,1,,-22.516588,-5747.3093,-4.8738343
2.328,1,1,,-22.515866,-5760.1616,-4.874934
2.332,1,1,,-22.517306,-5772.391,-4.8749399
2.336,1,1,,-22.517479,-5786.3683,-4.8746914
2.34,1,1,,-22.518486,-5805.1959,-4.8743755
2.344,1,1,,-22.519511,-5831.8526,-4.8741353
2.348,1,1,,-22.519389,-5864.4742,-4.8739302
2.352,1,1,,-22.521448,-5897.1241,-4.8734778
2.356,1,1,,-22.522936,-5929.5937,-4.8734033
2.36,1,1,,-22.523925,-5960.3378,-4.875896
2.364,1,1,,-22.525379,-5990.8271,-4.8750329
2.368,1,1,,-22.525692,-6022.5666,-4.8742843
2.372,1,1,,-22.526071,-6051.3631,-4.8745024
2.376,1,1,,-22.526726,-6077.7873,-4.8748475
2.38,1,1,,-22.527534,-6103.3174,-4.8741287
2.384,1,1,,-22.529251,-6129.0994,-4.8733366
2.388,1,1,,-22.531411,-6155.0647,-4.8744839
2.392,1,1,,-22.531557,-6178.2241,-4.8746622
2.396,1,1,,-22.531,-6197.7014,-4.8734212
2.4,1,1,,-22.532669,-6215.6081,-4.8750281
2.404,1,1,,-22.532443,-6230.8237,-4.8748648
2.408,1,1,,-22.534144,-6241.6449,-4.8736989
2.412,1,1,,-22.533503,-6250.2399,-4.8740351
2.416,1,1,,-22.534237,-6258.5175,-4.8743862
2.42,1,1,,-22.53404,-6266.4956,-4.8744076
2.424,1,1,,-22.535554,-6279.0886,-4.8752618
2.428,1,1,,-22.536737,-6296.5348,-4.8747104
2.432,1,1,,-22.536281,-6318.447,-4.8742956
2.436,1,1,,-22.537494,-6338.8899,-4.8740095
2.44,1,1,,-22.538442,-6359.3701,-4.8740786
2.444,1,1,,-22.538483,-6386.8091,-4.87333
2.448,1,1,,-22.540179,-6413.7161,-4.8748213
2.452,1,1,,-22.540632,-6442.3561,-4.8745245
2.456,1,1,,-22.542304,-6474.1373,-4.8746973
2.46,1,1,,-22.542599,-6505.2524,-4.87315
2.464,1,1,,-22.544235,-6538.5461,-4.8746628
2.468,1,1,,-22.545854,-6571.6326,-4.8754513
2.472,1,1,,-22.54746,-6601.572,-4.8738909
2.476,1,1,,-22.545988,-6629.2658,-4.8742414
2.48,1,1,,-22.547725,-6656.3323,-4.8738658
2.484,1,1,,-22.549534,-6683.7519,-4.875142
2.488,1,1,,-22.550041,-6711.4308,-4.8740423
2.492,1,1,,-22.55123,-6740.5492,-4.8744553
2.496,1,1,,-22.550807,-6761.2767,-4.8748654
2.5,1,1,,-22.551731,-6777.0302,-4.8752767
2.504,1,1,,-22.551379,-6791.7183,-4.8750138
2.508,1,1,,-22.553403,-6803.9834,-4.8756033
2.512,1,1,,-22.553933,-6814.8091,-4.8746157
2.516,1,1,,-22.552705,-6825.1044,-4.873203
2.52,1,1,,-22.555483,-6835.2386,-4.8738229
2.524,1,1,,-22.555453,-6849.0371,-4.875142
2.528,1,1,,-22.554037,-6864.4166,-4.8744333
2.532,1,1,,-22.556219,-6884.0981,-4.875043
2.536,1,1,,-22.557268,-6908.0681,-4.8738271
2.54,1,1,,-22.55781,-6934.0646,-4.8749644
2.544,1,1,,-22.558514,-6962.7583,-4.8745286
2.548,1,1,,-22.559497,-6993.7602,-4.8747772
2.552,1,1,,-22.560415,-7026.0406,-4.8743099
2.556,1,1,,-22.56172,-7057.4164,-4.8740715
2.56,1,1,,-22.562117,-7084.0195,-4.8732108
2.564,1,1,,-22.564015,-7109.9818,-4.8755342
2.568,1,1,,-22.564707,-7136.9573,-4.8741776
2.572,1,1,,-22.566682,-7162.9107,-4.875254
2.576,1,1,,-22.565833,-7192.2421,-4.8743647
2.58,1,1,,-22.567651,-7219.6379,-4.8745668
2.584,1,1,,-22.566814,-7246.4943,-4.8743129
2.588,1,1,,-22.568065,-7272.7114,-4.8748767
2.592,1,1,,-22.57036,-7296.6963,-4.873212
2.596,1,1,,-22.571004,-7318.7575,-4.8741353
2.6,1,1,,-22.571314,-7337.4569,-4.8749018
2.604,1,1,,-22.571045,-7350.5253,-4.8738945
2.608,1,1,,-22.572208,-7364.0898,-4.8743945
2.612,1,1,,-22.574014,-7376.2998,-4.8735398
2.616,1,1,,-22.57275,-7387.5606,-4.8754507
2.62,1,1,,-22.574187,-7401.9089,-4.8742199
2.624,1,1,,-22.574672,-7416.7013,-4.873516
2.628,1,1,,-22.57416,-7434.3786,-4.8742205
2.632,1,1,,-22.575739,-7455.2476,-4.8737329
2.636,1,1,,-22.575894,-7480.6258,-4.8741668
2.64,1,1,,-22.577685,-7506.4138,-4.874211
2.644,1,1,,-22.578582,-7533.3104,-4.8745042
2.648,1,1,,-22.579092,-7563.8995,-4.8738402
2.652,1,1,,-22.579268,-7595.3364,-4.8742437
2.656,1,1,,-22.580794,-7627.3695,-4.8746467
2.66,1,1,,-22.581655,-7660.0596,-4.8725355
2.664,1,1,,-22.583944,-7694.7272,-4.8752165
2.668,1,1,,-22.583208,-7730.5406,-4.8737907
2.672,1,1,,-22.58423,-7765.2335,-4.8744059
2.676,1,1,,-22.587073,-7799.2931,-4.8755616
2.68,1,1,,-22.586236,-7830.3263,-4.874208
2.684,1,1,,-22.588358,-7858.3673,-4.8747844
2.688,1,1,,-22.590372,-7885.0359,-4.8749638
2.692,1,1,,-22.589073,-7908.5678,-4.8740137
2.696,1,1,,-22.590968,-7931.1758,-4.874056
2.7,1,1,,-22.591794,-7949.5773,-4.8755175
2.704,1,1,,-22.592596,-7965.4127,-4.8761499
2.708,1,1,,-22.59222,-7975.5321,-4.873938
2.712,1,1,,-22.592667,-7982.561,-4.8748994
2.716,1,1,,-22.59343,-7992.4703,-4.8750091
2.72,1,1,,-22.59388,-8004.348,-4.8746175
2.724,1,1,,-22.593746,-8019.7707,-4.8748577
2.728,1,1,,-22.595275,-8036.6641,-4.8744166
2.732,1,1,,-22.59433,-8057.4632,-4.8745805
2.736,1,1,,-22.595343,-8078.4962,-4.8742968
2.74,1,1,,-22.596512,-8103.2872,-4.874317
2.744,1,1,,-22.59827,-8130.4669,-4.8746896
2.748,1,1,,-22.598356,-8157.3516,-4.8743832
2.752,1,1,,-22.600013,-8184.9024,-4.8735237
2.756,1,1,,-22.600338,-8213.3994,-4.8747498
2.76,1,1,,-22.601545,-8243.6144,-4.8746455
2.764,1,1,,-22.602317,-8277.0362,-4.8742288
2.768,1,1,,-22.603768,-8314.091,-4.8746794
2.772,1,1,,-22.60508,-8353.5507,-4.8751849
2.776,1,1,,-22.605422,-8390.9467,-4.874633
2.78,1,1,,-22.607428,-8426.2788,-4.8735291
2.784,1,1,,-22.607363,-8458.6337,-4.8753363
2.788,1,1,,-22.608906,-8488.6879,-4.8750871
2.792,1,1,,-22.610221,-8515.7081,-4.8744839
2.796,1,1,,-22.609401,-8538.8541,-4.8757899
2.8,1,1,,-22.61017,-8555.7461,-4.8736525
2.804,1,1,,-22.610143,-8565.9876,-4.8746693
2.808,1,1,,-22.610838,-8573.7079,-4.8748457
2.812,1,1,,-22.611708,-8583.0197,-4.8734355
2.816,1,1,,-22.611973,-8597.3069,-4.8742592
2.82,1,1,,-22.61377,-8611.9726,-4.874019
2.824,1,1,,-22.614247,-8628.6515,-4.8747063
2.828,1,1,,-22.614175,-8646.3749,-4.8752344
2.832,1,1,,-22.615034,-8665.8582,-4.8741531
2.836,1,1,,-22.61594,-8685.191,-4.8728496
2.84,1,1,,-22.616271,-8706.0899,-4.874841
2.844,1,1,,-22.616402,-8729.6262,-4.8741561
2.848,1,1,,-22.617796,-8758.2096,-4.8742825
2.852,1,1,,-22.619069,-8793.0292,-4.8740166
2.856,1,1,,-22.619018,-8829.084,-4.873904
2.86,1,1,,-22.621313,-8868.1743,-4.8738217
2.864,1,1,,-22.621209,-8909.5399,-4.875102
2.868,1,1,,-22.622612,-8949.7879,-4.8748523
2.872,1,1,,-22.625333,-8986.1378,-4.8730868
2.876,1,1,,-22.626195,-9023.7692,-4.8743933
2.88,1,1,,-22.626421,-9058.1596,-4.8752737
2.884,1,1,,-22.627271,-9088.5669,-4.8751366
2.888,1,1,,-22.627396,-9118.7507,-4.8752767
2.892,1,1,,-22.629822,-9145.0885,-4.8741829
2.896,1,1,,-22.630677,-9167.47,-4.8745495
2.9,1,1,,-22.630239,-9187.9815,-4.8734874
2.904,1,1,,-22.631452,-9202.9214,-4.8749477
2.908,1,1,,-22.630808,-9218.1653,-4.8752528
2.912,1,1,,-22.631643,-9230.3023,-4.8732668
2.916,1,1,,-22.633383,-9242.4735,-4.8744875
2.92,1,1,,-22.632587,-9257.4775,-4.8743653
2.924,1,1,,-22.633574,-9274.1385,-4.8752153
2.928,1,1,,-22.634074,-9290.7816,-4.8748142
2.932,1,1,,-22.63276,-9306.6499,-4.8736727
2.936,1,1,,-22.634378,-9328.0166,-4.874301
2.94,1,1,,-22.63543,-9353.7599,-4.8748046
2.944,1,1,,-22.63662,-9383.3983,-4.8749715
2.948,1,1,,-22.637594,-9419.4338,-4.8756963
2.952,1,1,,-22.638816,-9454.2116,-4.8735684
2.956,1,1,,-22.640005,-9490.1904,-4.8741311
2.96,1,1,,-22.640223,-9523.3813,-4.8745698
2.964,1,1,,-22.642339,-9554.86,-4.8749977
2.968,1,1,,-22.643185,-9588.0657,-4.8754954
2.972,1,1,,-22.643641,-9618.8501,-4.8743576
2.976,1,1,,-22.644902,-9648.4125,-4.8748678
2.98,1,1,,-22.645739,-9676.3149,-4.8735732
2.984,1,1,,-22.646615,-9703.9342,-4.8739994
2.988,1,1,,-22.647193,-9730.5819,-4.8738998
2.992,1,1,,-22.646836,-9757.3772,-4.8736119
2.996,1,1,,-22.647089,-9784.0652,-4.8754972
3.,1,1,,-22.649891,-9805.8745,-4.8738939
3.004,1,1,,-22.648973,-9827.6347,-4.8746258
3.008,1,1,,-22.65082,-9851.4155,-4.8731512
3.012,1,1,,-22.651348,-9868.1808,-4.8733652
3.016,1,1,,-22.649741,-9880.9138,-4.8761058
3.02,1,1,,-22.652027,-9895.5631,-4.8748332
3.024,1,1,,-22.653437,-9911.19,-4.8745257
3.028,1,1,,-22.653553,-9928.9253,-4.873873
3.032,1,1,,-22.653422,-9948.4265,-4.8752618
3.036,1,1,,-22.653777,-9965.5911,-4.8741806
3.04,1,1,,-22.655648,-9987.3438,-4.8744291
3.044,1,1,,-22.655467,-10012.053,-4.8744971
3.048,1,1,,-22.657016,-10037.015,-4.874993
3.052,1,1,,-22.656429,-10066.319,-4.8739904
3.056,1,1,,-22.657365,-10105.807,-4.8739207
3.06,1,1,,-22.660241,-10146.52,-4.8735219
3.064,1,1,,-22.660911,-10183.223,-4.8743111
3.068,1,1,,-22.662363,-10218.757,-4.8743999
3.072,1,1,,-22.662795,-10252.446,-4.8754573
3.076,1,1,,-22.662971,-10284.503,-4.8758185
3.08,1,1,,-22.664908,-10313.329,-4.8744792
3.084,1,1,,-22.66604,-10339.285,-4.8745865
3.088,1,1,,-22.665641,-10364.485,-4.8746443
3.092,1,1,,-22.666136,-10388.233,-4.8736459
3.096,1,1,,-22.667763,-10409.616,-4.8738551
3.1,1,1,,-22.668144,-10426.506,-4.8741746
3.104,1,1,,-22.668585,-10441.037,-4.8746771
3.108,1,1,,-22.669679,-10458.906,-4.8747283
3.112,1,1,,-22.669602,-10472.938,-4.8750961
3.116,1,1,,-22.669718,-10485.819,-4.8756158
3.12,1,1,,-22.66995,-10497.223,-4.8750895
3.124,1,1,,-22.669885,-10512.109,-4.8745996
3.128,1,1,,-22.670275,-10527.869,-4.8745096
3.132,1,1,,-22.671438,-10547.432,-4.8746884
3.136,1,1,,-22.672522,-10572.088,-4.8745471
3.14,1,1,,-22.673455,-10596.673,-4.8742747
3.144,1,1,,-22.674755,-10623.661,-4.8737633
3.148,1,1,,-22.674066,-10655.086,-4.8732394
3.152,1,1,,-22.676635,-10686.201,-4.8743111
3.156,1,1,,-22.67856,-10715.453,-4.8736137
3.16,1,1,,-22.677076,-10745.275,-4.8756492
3.164,1,1,,-22.679329,-10773.909,-4.8736221
3.168,1,1,,-22.679383,-10802.993,-4.8741198
3.172,1,1,,-22.681034,-10834.554,-4.8730713
3.176,1,1,,-22.682453,-10864.468,-4.8751944
3.18,1,1,,-22.682351,-10890.315,-4.8730999
3.184,1,1,,-22.684115,-10920.131,-4.8749626
3.188,1,1,,-22.684664,-10946.678,-4.8743725
3.192,1,1,,-22.68523,-10967.895,-4.8755872
3.196,1,1,,-22.686506,-10986.911,-4.8753512
3.2,1,1,,-22.686008,-11003.426,-4.8748392
3.204,1,1,,-22.686494,-11013.937,-4.8745966
3.208,1,1,,-22.687665,-11028.542,-4.8747993
3.212,1,1,,-22.687501,-11043.054,-4.8756945
3.216,1,1,,-22.688374,-11058.25,-4.8752826
3.22,1,1,,-22.688097,-11073.093,-4.8733652
3.224,1,1,,-22.689507,-11087.374,-4.8743886
3.228,1,1,,-22.688669,-11103.639,-4.8732764
3.232,1,1,,-22.690076,-11122.887,-4.8755175
3.236,1,1,,-22.690761,-11146.51,-4.8728353
3.24,1,1,,-22.691903,-11175.498,-4.8742527
3.244,1,1,,-22.693599,-11212.485,-4.8749626
3.248,1,1,,-22.69404,-11249.824,-4.8746204
3.252,1,1,,-22.694084,-11285.029,-4.8744363
3.256,1,1,,-22.696108,-11319.159,-4.8742318
3.26,1,1,,-22.696913,-11353.247,-4.8737168
3.264,1,1,,-22.698051,-11386.321,-4.8745674
3.268,1,1,,-22.69859,-11418.365,-4.8741972
3.272,1,1,,-22.700078,-11448.438,-4.8741198
3.276,1,1,,-22.70155,-11478.759,-4.8742884
3.28,1,1,,-22.701732,-11509.424,-4.8732066
3.284,1,1,,-22.701499,-11538.863,-4.8747152
3.288,1,1,,-22.703773,-11568.536,-4.8742598
3.292,1,1,,-22.704482,-11596.438,-4.8754436
3.296,1,1,,-22.703684,-11621.693,-4.8751915
3.3,1,1,,-22.705192,-11645.21,-4.8758167
3.304,1,1,,-22.706834,-11666.512,-4.875797
3.308,1,1,,-22.707165,-11687.326,-4.8746312
3.312,1,1,,-22.707028,-11705.537,-4.8732144
3.316,1,1,,-22.708243,-11724.932,-4.8752636
3.32,1,1,,-22.708676,-11740.413,-4.8749548
3.324,1,1,,-22.708813,-11758.304,-4.8752469
3.328,1,1,,-22.710058,-11778.377,-4.8752517
3.332,1,1,,-22.710547,-11803.097,-4.8733526
3.336,1,1,,-22.709883,-11828.753,-4.8752236
3.34,1,1,,-22.711265,-11853.327,-4.8743999
3.344,1,1,,-22.712648,-11885.047,-4.8751414
3.348,1,1,,-22.713751,-11920.53,-4.8730958
3.352,1,1,,-22.713983,-11956.722,-4.8741198
3.356,1,1,,-22.715473,-11989.439,-4.8749828
3.36,1,1,,-22.716102,-12021.588,-4.8743653
3.364,1,1,,-22.717205,-12054.147,-4.8753113
3.368,1,1,,-22.718025,-12086.685,-4.8744613
3.372,1,1,,-22.718558,-12118.81,-4.8746216
3.376,1,1,,-22.719404,-12151.636,-4.8755574
3.38,1,1,,-22.721252,-12184.3,-4.8742431
3.384,1,1,,-22.722245,-12213.744,-4.8745745
3.388,1,1,,-22.722867,-12242.492,-4.8728865
3.392,1,1,,-22.723332,-12267.327,-4.8734361
3.396,1,1,,-22.72431,-12289.847,-4.874835
3.4,1,1,,-22.724021,-12310.517,-4.8754221
3.404,1,1,,-22.726164,-12328.625,-4.8740453
3.408,1,1,,-22.725734,-12345.205,-4.8743886
3.412,1,1,,-22.725481,-12359.12,-4.8749715
3.416,1,1,,-22.726834,-12374.303,-4.8737013
3.42,1,1,,-22.726682,-12388.73,-4.8739082
3.424,1,1,,-22.728482,-12402.445,-4.8744553
3.428,1,1,,-22.728107,-12420.982,-4.8750621
3.432,1,1,,-22.728163,-12440.291,-4.8743975
3.436,1,1,,-22.730211,-12461.004,-4.8732096
3.44,1,1,,-22.730524,-12483.332,-4.8739958
3.444,1,1,,-22.731513,-12507.764,-4.8756069
3.448,1,1,,-22.731635,-12538.642,-4.874177
3.452,1,1,,-22.73258,-12575.516,-4.8736352
3.456,1,1,,-22.73362,-12618.126,-4.8739558
3.46,1,1,,-22.73539,-12665.677,-4.8750114
3.464,1,1,,-22.736922,-12717.625,-4.8738891
3.468,1,1,,-22.738204,-12768.513,-4.874531
3.472,1,1,,-22.738216,-12813.869,-4.8755938
3.476,1,1,,-22.739515,-12858.355,-4.8754215
3.48,1,1,,-22.741083,-12899.598,-4.8753369
3.484,1,1,,-22.742677,-12938.207,-4.8746425
3.488,1,1,,-22.744075,-12978.804,-4.8756582
3.492,1,1,,-22.744516,-13023.339,-4.8744935
3.496,1,1,,-22.746203,-13069.738,-4.8730624
3.5,1,1,,-22.746364,-13114.896,-4.8744327
3.504,1,1,,-22.74794,-13153.929,-4.8747724
3.508,1,1,,-22.749481,-13198.124,-4.8746932
3.512,1,1,,-22.751031,-13264.938,-4.8744035
3.516,1,1,,-22.753775,-13340.898,-4.8743999
3.52,1,1,,-22.753886,-13410.81,-4.874115
3.524,1,1,,-22.756332,-13475.394,-4.8745447
3.528,1,1,,-22.757411,-13535.936,-4.8751837
3.532,1,1,,-22.758949,-13588.756,-4.8745656
3.536,1,1,,-22.759947,-13629.548,-4.8744649
3.54,1,1,,-22.760314,-13672.005,-4.8754567
3.544,1,1,,-22.761682,-13717.097,-4.8745346
3.548,1,1,,-22.763533,-13757.898,-4.8749089
3.552,1,1,,-22.763998,-13800.304,-4.8751229
3.556,1,1,,-22.765965,-13839.282,-4.8734528
3.56,1,1,,-22.766149,-13878.317,-4.8748702
3.564,1,1,,-22.766969,-13915.674,-4.8743248
3.568,1,1,,-22.768161,-13954.104,-4.8749977
3.572,1,1,,-22.769031,-13991.988,-4.8751062
3.576,1,1,,-22.769669,-14026.786,-4.8741037
3.58,1,1,,-22.77062,-14058.888,-4.8750103
3.584,1,1,,-22.770861,-14091.866,-4.8750675
3.588,1,1,,-22.772289,-14124.456,-4.8742527
3.592,1,1,,-22.773752,-14154.184,-4.8738503
3.596,1,1,,-22.774768,-14181.627,-4.8739958
3.6,1,1,,-22.773153,-14202.486,-4.8752427
3.604,1,1,,-22.774038,-14220.361,-4.8738545
3.608,1,1,,-22.776243,-14237.297,-4.8738331
3.612,1,1,,-22.775704,-14253.618,-4.8731744
3.616,1,1,,-22.77689,-14269.301,-4.8740774
3.62,1,1,,-22.777188,-14285.354,-4.8740339
3.624,1,1,,-22.778219,-14302.72,-4.8748076
3.628,1,1,,-22.776968,-14320.727,-4.8741513
3.632,1,1,,-22.778946,-14338.87,-4.8753732
3.636,1,1,,-22.778625,-14359.143,-4.874264
3.64,1,1,,-22.779736,-14382.088,-4.874981
3.644,1,1,,-22.781483,-14409.152,-4.8734349
3.648,1,1,,-22.781453,-14438.941,-4.8733801
3.652,1,1,,-22.782252,-14468.257,-4.8736775
3.656,1,1,,-22.782788,-14497.384,-4.8742938
3.66,1,1,,-22.783882,-14526.141,-4.8758596
3.664,1,1,,-22.784883,-14557.99,-4.874177
3.668,1,1,,-22.785685,-14587.444,-4.8748213
3.672,1,1,,-22.786239,-14615.43,-4.8737895
3.676,1,1,,-22.786185,-14644.194,-4.8747379
3.68,1,1,,-22.788227,-14675.529,-4.8753428
3.684,1,1,,-22.788194,-14706.823,-4.8748773
3.688,1,1,,-22.788084,-14738.496,-4.8740786
3.692,1,1,,-22.789157,-14767.493,-4.8738128
3.696,1,1,,-22.79087,-14797.258,-4.8748803
3.7,1,1,,-22.790942,-14828.001,-4.8737216
3.704,1,1,,-22.792337,-14855.106,-4.8737818
3.708,1,1,,-22.793362,-14883.421,-4.8744726
3.712,1,1,,-22.792691,-14909.129,-4.8745149
3.716,1,1,,-22.793669,-14932.957,-4.8739016
3.72,1,1,,-22.794211,-14955.777,-4.8737454
3.724,1,1,,-22.795073,-14981.455,-4.8735762
3.728,1,1,,-22.795564,-15007.398,-4.8749924
3.732,1,1,,-22.796265,-15034.536,-4.8746222
3.736,1,1,,-22.796023,-15061.559,-4.8746097
3.74,1,1,,-22.797513,-15090.65,-4.875313
3.744,1,1,,-22.798938,-15121.226,-4.8741013
3.748,1,1,,-22.800577,-15155.977,-4.8742121
3.752,1,1,,-22.800577,-15194.121,-4.8752916
3.756,1,1,,-22.801155,-15235.409,-4.8751009
3.76,1,1,,-22.802142,-15273.286,-4.8736858
3.764,1,1,,-22.804118,-15310.416,-4.8751032
3.768,1,1,,-22.803951,-15345.57,-4.8735183
3.772,1,1,,-22.804284,-15379.415,-4.8749042
3.776,1,1,,-22.805187,-15416.832,-4.8733813
3.78,1,1,,-22.806204,-15455.081,-4.8744923
3.784,1,1,,-22.807563,-15494.376,-4.8737133
3.788,1,1,,-22.809509,-15532.711,-4.8736244
3.792,1,1,,-22.808647,-15570.968,-4.873333
3.796,1,1,,-22.811365,-15603.83,-4.8739958
3.8,1,1,,-22.811744,-15635.508,-4.8741561
3.804,1,1,,-22.811845,-15663.137,-4.8745728
3.808,1,1,,-22.813619,-15688.059,-4.8745966
3.812,1,1,,-22.814054,-15709.947,-4.87468
3.816,1,1,,-22.813666,-15733.144,-4.8737532
3.82,1,1,,-22.814679,-15755.935,-4.8741484
3.824,1,1,,-22.816438,-15776.649,-4.8734939
3.828,1,1,,-22.816149,-15799.242,-4.8742896
3.832,1,1,,-22.816301,-15821.801,-4.8747945
3.836,1,1,,-22.816965,-15845.576,-4.8743361
3.84,1,1,,-22.817076,-15871.477,-4.8752123
3.844,1,1,,-22.818855,-15898.697,-4.874776
3.848,1,1,,-22.818882,-15929.081,-4.8741293
3.852,1,1,,-22.819048,-15964.255,-4.8746765
3.856,1,1,,-22.819877,-16002.376,-4.8748267
3.86,1,1,,-22.822702,-16043.001,-4.8730707
3.864,1,1,,-22.823462,-16084.827,-4.8749751
3.868,1,1,,-22.825608,-16125.104,-4.874447
3.872,1,1,,-22.825337,-16165.34,-4.8746973
3.876,1,1,,-22.825653,-16204.366,-4.8737723
3.88,1,1,,-22.825879,-16242.05,-4.8751879
3.884,1,1,,-22.826472,-16277.991,-4.8748565
3.888,1,1,,-22.828108,-16315.101,-4.8734152
3.892,1,1,,-22.829876,-16351.964,-4.8757124
3.896,1,1,,-22.829724,-16384.624,-4.8732179
3.9,1,1,,-22.830963,-16411.242,-4.8748547
3.904,1,1,,-22.831112,-16435.677,-4.8733586
3.908,1,1,,-22.832692,-16460.635,-4.8748368
3.912,1,1,,-22.830871,-16482.35,-4.8739433
3.916,1,1,,-22.832856,-16505.274,-4.8760307
3.92,1,1,,-22.834316,-16532.937,-4.8739111
3.924,1,1,,-22.83434,-16566.98,-4.8748815
3.928,1,1,,-22.834996,-16601.202,-4.8751944
3.932,1,1,,-22.836495,-16630.696,-4.875589
3.936,1,1,,-22.838042,-16662.067,-4.8741639
3.94,1,1,,-22.837252,-16690.308,-4.8749501
3.944,1,1,,-22.837922,-16720.062,-4.8738658
3.948,1,1,,-22.839666,-16753.623,-4.8739815
3.952,1,1,,-22.840232,-16792.357,-4.8731649
3.956,1,1,,-22.842393,-16833.156,-4.8747885
3.96,1,1,,-22.842399,-16871.47,-4.8738414
3.964,1,1,,-22.843194,-16910.097,-4.874624
3.968,1,1,,-22.844649,-16948.599,-4.8743856
3.972,1,1,,-22.845334,-16984.293,-4.8742056
3.976,1,1,,-22.847203,-17017.482,-4.8742574
3.98,1,1,,-22.847635,-17054.276,-4.8731327
3.984,1,1,,-22.848264,-17091.082,-4.8736888
3.988,1,1,,-22.848597,-17123.885,-4.8730379
3.992,1,1,,-22.848726,-17155.567,-4.8733628
3.996,1,1,,-22.849816,-17188.767,-4.8738819
4.,1,1,,-22.849989,-17218.743,-4.8753053
4.004,1,1,,-22.850207,-17244.586,-4.8745036
4.008,1,1,,-22.851968,-17271.788,-4.8742872
4.012,1,1,,-22.852812,-17298.859,-4.8743814
4.016,1,1,,-22.852508,-17323.354,-4.8742628
4.02,1,1,,-22.854156,-17346.859,-4.8741466
4.024,1,1,,-22.854084,-17372.233,-4.8743922
4.028,1,1,,-22.8555,-17397.286,-4.8740309
4.032,1,1,,-22.856054,-17422.064,-4.8745489
4.036,1,1,,-22.856555,-17449.622,-4.8743087
4.04,1,1,,-22.857198,-17478.387,-4.8750675
4.044,1,1,,-22.858656,-17512.086,-4.8755908
4.048,1,1,,-22.859642,-17547.989,-4.8749322
4.052,1,1,,-22.85907,-17588.03,-4.8744017
4.056,1,1,,-22.861642,-17628.193,-4.8745823
4.06,1,1,,-22.86135,-17669.162,-4.8753601
4.064,1,1,,-22.862774,-17710.909,-4.8751163
4.068,1,1,,-22.863877,-17751.713,-4.8738259
4.072,1,1,,-22.863517,-17789.337,-4.874748
4.076,1,1,,-22.866831,-17825.027,-4.8730403
4.08,1,1,,-22.866237,-17858.653,-4.8736477
4.084,1,1,,-22.867099,-17891.21,-4.8740965
4.088,1,1,,-22.867906,-17924.887,-4.8744869
4.092,1,1,,-22.868786,-17956.373,-4.8748934
4.096,1,1,,-22.869078,-17985.971,-4.8752195
4.1,1,1,,-22.870189,-18011.814,-4.8742372
4.104,1,1,,-22.870347,-18036.585,-4.8744494
4.108,1,1,,-22.871906,-18060.261,-4.8753083
4.112,1,1,,-22.871781,-18082.17,-4.8743761
4.116,1,1,,-22.871572,-18103.796,-4.8731899
4.12,1,1,,-22.873983,-18124.717,-4.873597
4.124,1,1,,-22.873274,-18147.425,-4.875046
4.128,1,1,,-22.874678,-18173.639,-4.8736978
4.132,1,1,,-22.874487,-18206.766,-4.8736125
4.136,1,1,,-22.875384,-18240.333,-4.8749024
4.14,1,1,,-22.877363,-18281.534,-4.8740691
4.144,1,1,,-22.877419,-18320.97,-4.8751783
4.148,1,1,,-22.878748,-18362.042,-4.8737645
4.152,1,1,,-22.87899,-18399.452,-4.8734528
4.156,1,1,,-22.880403,-18437.333,-4.8724437
4.16,1,1,,-22.882337,-18476.391,-4.8750359
4.164,1,1,,-22.882367,-18516.585,-4.8732919
4.168,1,1,,-22.883565,-18556.987,-4.8740953
4.172,1,1,,-22.884199,-18595.606,-4.8749816
4.176,1,1,,-22.885898,-18634.352,-4.8744839
4.18,1,1,,-22.886888,-18670.893,-4.8744202
4.184,1,1,,-22.887802,-18706.045,-4.8746812
4.188,1,1,,-22.887007,-18739.107,-4.8744637
4.192,1,1,,-22.889626,-18770.076,-4.8740435
4.196,1,1,,-22.890118,-18798.214,-4.873898
4.2,1,1,,-22.890595,-18823.785,-4.8736298
4.204,1,1,,-22.891084,-18843.646,-4.8758298
4.208,1,1,,-22.891555,-18861.043,-4.8745847
4.212,1,1,,-22.890681,-18877.333,-4.8739821
4.216,1,1,,-22.89106,-18893.108,-4.8746032
4.22,1,1,,-22.892991,-18910.062,-4.8749197
4.224,1,1,,-22.892842,-18928.751,-4.873966
4.228,1,1,,-22.892189,-18950.759,-4.8750794
4.232,1,1,,-22.89418,-18984.397,-4.87571
4.236,1,1,,-22.894663,-19020.759,-4.873879
4.24,1,1,,-22.896439,-19056.708,-4.8741782
4.244,1,1,,-22.897292,-19093.525,-4.8742932
4.248,1,1,,-22.896612,-19132.832,-4.8747784
4.252,1,1,,-22.899607,-19173.411,-4.8742133
4.256,1,1,,-22.899652,-19212.915,-4.8736435
4.26,1,1,,-22.901446,-19252.552,-4.8730183
4.264,1,1,,-22.901306,-19293.571,-4.8746121
4.268,1,1,,-22.901497,-19332.917,-4.8741394
4.272,1,1,,-22.902072,-19369.854,-4.873594
4.276,1,1,,-22.903624,-19404.423,-4.8733717
4.28,1,1,,-22.90428,-19440.812,-4.8751956
4.284,1,1,,-22.906575,-19474.794,-4.8735493
4.288,1,1,,-22.907552,-19506.069,-4.8741722
4.292,1,1,,-22.906858,-19537.964,-4.8740619
4.296,1,1,,-22.908771,-19565.76,-4.8748904
4.3,1,1,,-22.907818,-19594.853,-4.8742765
4.304,1,1,,-22.909552,-19620.292,-4.8743248
4.308,1,1,,-22.909773,-19640.455,-4.874329
4.312,1,1,,-22.909692,-19659.255,-4.8729247
4.316,1,1,,-22.910658,-19683.686,-4.8731798
4.32,1,1,,-22.911591,-19717.906,-4.8730451
4.324,1,1,,-22.911749,-19747.493,-4.8729062
4.328,1,1,,-22.912264,-19772.419,-4.8746085
4.332,1,1,,-22.912205,-19801.301,-4.8747933
4.336,1,1,,-22.91427,-19827.059,-4.8732698
4.34,1,1,,-22.914842,-19857.447,-4.874571
4.344,1,1,,-22.915614,-19893.445,-4.8756677
4.348,1,1,,-22.915966,-19932.461,-4.8739445
4.352,1,1,,-22.916824,-19973.274,-4.8744756
4.356,1,1,,-22.918815,-20015.684,-4.8740447
4.36,1,1,,-22.918588,-20055.16,-4.8746544
4.364,1,1,,-22.919563,-20096.041,-4.8741823
4.368,1,1,,-22.920415,-20134.76,-4.8747802
4.372,1,1,,-22.921628,-20171.653,-4.8748517
4.376,1,1,,-22.923097,-20206.359,-4.873156
4.38,1,1,,-22.923789,-20241.199,-4.8743594
4.384,1,1,,-22.924757,-20278.277,-4.8745632
4.388,1,1,,-22.925744,-20317.148,-4.8739588
4.392,1,1,,-22.925735,-20352.985,-4.8736268
4.396,1,1,,-22.927571,-20383.273,-4.8734438
4.4,1,1,,-22.928089,-20414.512,-4.8746669
4.404,1,1,,-22.928012,-20442.729,-4.8744452
4.408,1,1,,-22.928819,-20466.208,-4.8740244
4.412,1,1,,-22.92943,-20490.673,-4.873836
4.416,1,1,,-22.930584,-20512.389,-4.8744935
4.42,1,1,,-22.931281,-20531.721,-4.8741734
4.424,1,1,,-22.930235,-20552.1,-4.8743373
4.428,1,1,,-22.930849,-20577.75,-4.8727328
4.432,1,1,,-22.931904,-20603.965,-4.8753661
4.436,1,1,,-22.932768,-20629.135,-4.8739368
4.44,1,1,,-22.933123,-20656.155,-4.8736495
4.444,1,1,,-22.933379,-20685.267,-4.8734182
4.448,1,1,,-22.933898,-20714.45,-4.8741943
4.452,1,1,,-22.935337,-20747.255,-4.8736924
4.456,1,1,,-22.936377,-20784.783,-4.874348
4.46,1,1,,-22.937239,-20821.649,-4.8740029
4.464,1,1,,-22.93858,-20860.285,-4.8749661
4.468,1,1,,-22.939501,-20902.283,-4.8741066
4.472,1,1,,-22.941035,-20946.862,-4.873547
4.476,1,1,,-22.940797,-20986.895,-4.8742378
4.48,1,1,,-22.941649,-21026.491,-4.8747158
4.484,1,1,,-22.94268,-21062.405,-4.8744303
4.488,1,1,,-22.943205,-21095.546,-4.8744541
4.492,1,1,,-22.944439,-21133.463,-4.8758572
4.496,1,1,,-22.94479,-21166.228,-4.8739785
4.5,1,1,,-22.945223,-21196.809,-4.8742026
4.504,1,1,,-22.946447,-21228.181,-4.873448
4.508,1,1,,-22.946829,-21249.117,-4.874652
4.512,1,1,,-22.947869,-21270.066,-4.8732501
4.516,1,1,,-22.948626,-21292.581,-4.8731542
4.52,1,1,,-22.948197,-21309.014,-4.8739207
4.524,1,1,,-22.949282,-21329.343,-4.8742324
4.528,1,1,,-22.949073,-21347.602,-4.8720521
4.532,1,1,,-22.950462,-21365.464,-4.8736125
4.536,1,1,,-22.949589,-21389.28,-4.8738879
4.54,1,1,,-22.949827,-21413.122,-4.8734117
4.544,1,1,,-22.952283,-21442.351,-4.8737025
4.548,1,1,,-22.953046,-21482.711,-4.8746091
4.552,1,1,,-22.953144,-21522.534,-4.8737872
4.556,1,1,,-22.954578,-21561.81,-4.8745
4.56,1,1,,-22.955516,-21596.847,-4.8739487
4.564,1,1,,-22.956202,-21630.836,-4.8742253
4.568,1,1,,-22.957757,-21664.165,-4.873234
4.572,1,1,,-22.957361,-21700.303,-4.8734045
4.576,1,1,,-22.959051,-21735.933,-4.8754579
4.58,1,1,,-22.959185,-21771.595,-4.8735958
4.584,1,1,,-22.960288,-21803.826,-4.8734128
4.588,1,1,,-22.960404,-21837.999,-4.8743695
4.592,1,1,,-22.961372,-21866.649,-4.8733121
4.596,1,1,,-22.96221,-21892.585,-4.8736519
4.6,1,1,,-22.96179,-21913.348,-4.8743951
4.604,1,1,,-22.963569,-21936.201,-4.8749751
4.608,1,1,,-22.963551,-21954.139,-4.8749936
4.612,1,1,,-22.963199,-21968.08,-4.8732531
4.616,1,1,,-22.964689,-21982.789,-4.8729122
4.62,1,1,,-22.966102,-21998.277,-4.8734862
4.624,1,1,,-22.965327,-22017.415,-4.8742884
4.628,1,1,,-22.9653,-22040.972,-4.8733038
4.632,1,1,,-22.966341,-22070.54,-4.8741376
4.636,1,1,,-22.968063,-22099.213,-4.8722589
4.64,1,1,,-22.968245,-22128.114,-4.8741066
4.644,1,1,,-22.968316,-22157.605,-4.8742831
4.648,1,1,,-22.969225,-22193.076,-4.8747534
4.652,1,1,,-22.970876,-22231.396,-4.8738563
4.656,1,1,,-22.97245,-22265.902,-4.8731464
4.66,1,1,,-22.973064,-22308.397,-4.8733532
4.664,1,1,,-22.973338,-22346.185,-4.87414
4.668,1,1,,-22.973705,-22384.889,-4.8747081
4.672,1,1,,-22.974497,-22424.775,-4.8739135
4.676,1,1,,-22.97501,-22462.884,-4.8741531
4.68,1,1,,-22.975922,-22495.461,-4.8738891
4.684,1,1,,-22.977087,-22528.252,-4.8747385
4.688,1,1,,-22.978855,-22559.629,-4.8747414
4.692,1,1,,-22.978726,-22586.027,-4.8740876
4.696,1,1,,-22.979242,-22611.111,-4.8731792
4.7,1,1,,-22.979799,-22632.691,-4.8745251
4.704,1,1,,-22.979975,-22652.082,-4.8729974
4.708,1,1,,-22.980804,-22669.868,-4.8749
4.712,1,1,,-22.981692,-22684.363,-4.8735505
4.716,1,1,,-22.982467,-22701.754,-4.8737735
4.72,1,1,,-22.98356,-22720.258,-4.8732287
4.724,1,1,,-22.983113,-22741.55,-4.8732698
4.728,1,1,,-22.983191,-22766.76,-4.8738617
4.732,1,1,,-22.983742,-22790.027,-4.8747849
4.736,1,1,,-22.984693,-22817.121,-4.8742741
4.74,1,1,,-22.984553,-22845.519,-4.87436
4.744,1,1,,-22.987441,-22877.929,-4.8738551
4.748,1,1,,-22.987694,-22915.417,-4.8759341
4.752,1,1,,-22.989327,-22957.698,-4.8736429
4.756,1,1,,-22.989235,-22996.43,-4.8745883
4.76,1,1,,-22.991044,-23036.92,-4.8740798
4.764,1,1,,-22.990322,-23076.406,-4.8743385
4.768,1,1,,-22.990588,-23111.407,-4.8745537
4.772,1,1,,-22.992999,-23142.94,-4.8734105
4.776,1,1,,-22.993827,-23173.334,-4.8747259
4.78,1,1,,-22.994417,-23206.493,-4.874329
4.784,1,1,,-22.994873,-23235.704,-4.8748678
4.788,1,1,,-22.996196,-23264.66,-4.874469
4.792,1,1,,-22.995508,-23291.987,-4.8746455
4.796,1,1,,-22.996927,-23316.62,-4.8751742
4.8,1,1,,-22.996646,-23334.949,-4.8741454
4.804,1,1,,-22.997797,-23354.734,-4.8752731
4.808,1,1,,-22.998715,-23372.847,-4.8733258
4.812,1,1,,-22.99864,-23385.391,-4.8737019
4.816,1,1,,-22.999144,-23398.641,-4.8732728
4.82,1,1,,-22.999785,-23414.703,-4.8729497
4.824,1,1,,-22.999239,-23431.014,-4.8737305
4.828,1,1,,-23.000497,-23453.453,-4.8739356
4.832,1,1,,-23.000563,-23478.967,-4.8755801
4.836,1,1,,-23.001054,-23505.053,-4.87418
4.84,1,1,,-23.002774,-23537.265,-4.8742139
4.844,1,1,,-23.003459,-23570.889,-4.8743463
4.848,1,1,,-23.003385,-23605.061,-4.8747665
4.852,1,1,,-23.004788,-23640.823,-4.8745948
4.856,1,1,,-23.005957,-23679.794,-4.8740751
4.86,1,1,,-23.006648,-23717.919,-4.8733932
4.864,1,1,,-23.007375,-23753.218,-4.8735344
4.868,1,1,,-23.007992,-23784.05,-4.8736244
4.872,1,1,,-23.007542,-23820.756,-4.8738068
4.876,1,1,,-23.008937,-23849.1,-4.8735768
4.88,1,1,,-23.010558,-23882.546,-4.8746562
4.884,1,1,,-23.011044,-23914.95,-4.8734891
4.888,1,1,,-23.012263,-23941.743,-4.874118
4.892,1,1,,-23.012677,-23969.778,-4.8733664
4.896,1,1,,-23.013443,-23989.233,-4.8728979
4.9,1,1,,-23.013425,-24009.42,-4.8739374
4.904,1,1,,-23.012504,-24026.449,-4.8735571
4.908,1,1,,-23.014585,-24040.887,-4.8734885
4.912,1,1,,-23.013431,-24051.099,-4.8746836
4.916,1,1,,-23.013693,-24065.572,-4.8741406
4.92,1,1,,-23.015252,-24082.749,-4.8742884
4.924,1,1,,-23.016733,-24103.418,-4.8734492
4.928,1,1,,-23.017669,-24132.372,-4.8739916
4.932,1,1,,-23.016596,-24159.533,-4.8742461
4.936,1,1,,-23.01789,-24189.241,-4.8741353
4.94,1,1,,-23.019243,-24216.041,-4.8737431
4.944,1,1,,-23.020193,-24240.884,-4.8741335
4.948,1,1,,-23.020998,-24269.144,-4.8741889
4.952,1,1,,-23.020494,-24296.708,-4.8742664
4.956,1,1,,-23.020977,-24327.333,-4.8739791
4.96,1,1,,-23.022107,-24359.967,-4.8741066
4.964,1,1,,-23.023552,-24390.54,-4.8746979
4.968,1,1,,-23.023874,-24423.023,-4.8735082
4.972,1,1,,-23.025489,-24448.751,-4.8743993
4.976,1,1,,-23.02408,-24473.225,-4.8740608
4.98,1,1,,-23.026458,-24499.168,-4.8747945
4.984,1,1,,-23.025784,-24523.941,-4.875288
4.988,1,1,,-23.025859,-24538.24,-4.8731023
4.992,1,1,,-23.026347,-24511.217,-4.8753995
4.996,1,1,,-23.0254,-24476.245,-4.8742336
5.,1,1,,-23.024866,-24439.47,-4.8743415
5.004,1,1,,-23.023665,-24399.318,-4.8741478
5.008,1,1,,-23.021517,-24353.631,-4.874351
5.012,1,1,,-23.022336,-24303.305,-4.8734635
5.016,1,1,,-23.022312,-24255.708,-4.8748004
5.02,1,1,,-23.02059,-24207.251,-4.8744428
5.024,1,1,,-23.019487,-24166.866,-4.8750311
5.028,1,1,,-23.019135,-24127.722,-4.8754877
5.032,1,1,,-23.018557,-24097.013,-4.8756301
5.036,1,1,,-23.018864,-24071.246,-4.8733103
5.04,1,1,,-23.018283,-24049.181,-4.8747844
5.044,1,1,,-23.018384,-24034.528,-4.8728782
5.048,1,1,,-23.018244,-24025.75,-4.8732877
5.052,1,1,,-23.017907,-24018.551,-4.8739338
5.056,1,1,,-23.018974,-24014.346,-4.8736185
5.06,1,1,,-23.018131,-24011.941,-4.8742765
5.064,1,1,,-23.01752,-24009.065,-4.8727185
5.068,1,1,,-23.018244,-24009.347,-4.8748046
5.072,1,1,,-23.017988,-24007.903,-4.873454
5.076,1,1,,-23.018375,-24008.313,-4.8744613
5.08,1,1,,-23.018241,-24008.286,-4.8730999
5.084,1,1,,-23.018149,-24007.796,-4.8727167
5.088,1,1,,-23.018208,-24007.811,-4.8753935
5.092,1,1,,-23.017994,-24008.386,-4.8734063
5.096,1,1,,-23.018143,-24007.559,-4.8742294
5.1,1,1,,-23.017443,-24007.072,-4.873628
5.104,1,1,,-23.017839,-24002.224,-4.8735279
5.108,1,1,,-23.018778,-24001.15,-4.8742044
5.112,1,1,,-23.016313,-23985.489,-4.8737568
5.116,1,1,,-22.950101,-22564.28,-4.8737943
